<?xml version="1.0" encoding="UTF-8"?>
<architecture>
  <subarchitecture idsubarchitecture="subArch0">
    <component id="comp1" name="br.teste.ClientImpl">
      <provideinterface idinterface="i1" name="r" signature="java.lang.Runnable" />
      <requiredinterface idinterface="i2" name="s" signature="br.teste.Service" />
    </component>
    <component id="comp2" name="br.teste.ServerImpl">
      <provideinterface idinterface="i3" name="s" signature="br.teste.Service" />
    </component>
    <binding componentclient="comp1" interfaceclient="i2" componentserver="comp2" interfaceserver="i3" />
  </subarchitecture>
</architecture>
