<?xml version="1.0" encoding="UTF-8"?>
<web-app>
	<display-name>REST MANAGER</display-name>
	<servlet>
		<servlet-name>Jersey REST Service</servlet-name>
		<servlet-class>com.sun.jersey.spi.container.servlet.ServletContainer</servlet-class>
		<!--<init-param>
			<param-name>com.sun.jersey.config.property.packages</param-name>
			<param-value>highframe.core.server</param-value>
		</init-param> -->
		<load-on-startup>1</load-on-startup>
	</servlet>
	<servlet-mapping>
		<servlet-name>Jersey REST Service</servlet-name>
		<url-pattern>/*</url-pattern>
	</servlet-mapping>
</web-app>
